<?xml version="1.0" encoding="UTF-8" standalone="no"?>
<!-- 6台ESB;20个系统;10个渠道;100个服务 -->
<catalog>
  <!-- 监控周期配置 -->
  <cycle>30</cycle>
  <!-- esb应用配置 -->
  <esbapp id="AP1" name="AP1" runStatus="true">
  </esbapp>
  <esbapp id="AP2" name="AP2" runStatus="true">
  </esbapp>
  <esbapp id="AP3" name="AP3" runStatus="true">
  </esbapp>
  <esbapp id="AP4" name="AP4" runStatus="true">
  </esbapp>
  <esbapp id="AP5" name="AP5" runStatus="true">
  </esbapp>
  <esbapp id="AP6" name="AP6" runStatus="true">
  </esbapp>
  <!-- 默认tps配置 -->
  <allsys>
    <time startt="00:00:00" stopt="01:00:00" tps="9.77-10.87">
    </time>
    <time startt="01:00:00" stopt="02:00:00" tps="9.60-10.65">
    </time>
    <time startt="02:00:00" stopt="03:00:00" tps="9.52-10.72">
    </time>
    <time startt="03:00:00" stopt="04:00:00" tps="9.35-10.40">
    </time>
    <time startt="04:00:00" stopt="05:00:00" tps="9.23-10.33">
    </time>
    <time startt="05:00:00" stopt="06:00:00" tps="9.57-10.77">
    </time>
    <time startt="06:00:00" stopt="07:00:00" tps="10.15-11.35">
    </time>
    <time startt="07:00:00" stopt="08:00:00" tps="10.82-12.02">
    </time>
    <time startt="08:00:00" stopt="09:00:00" tps="12.07-13.27">
    </time>
    <time startt="09:00:00" stopt="10:00:00" tps="12.90-14.10">
    </time>
    <time startt="10:00:00" stopt="11:00:00" tps="12.23-13.43">
    </time>
    <time startt="11:00:00" stopt="12:00:00" tps="11.40-12.60">
    </time>
    <time startt="12:00:00" stopt="13:00:00" tps="11.32-12.52">
    </time>
    <time startt="13:00:00" stopt="14:00:00" tps="11.73-12.93">
    </time>
    <time startt="14:00:00" stopt="15:00:00" tps="11.63-12.83">
    </time>
    <time startt="15:00:00" stopt="16:00:00" tps="11.40-12.60">
    </time>
    <time startt="16:00:00" stopt="17:00:00" tps="11.73-12.93">
    </time>
    <time startt="17:00:00" stopt="18:00:00" tps="12.07-13.27">
    </time>
    <time startt="18:00:00" stopt="19:00:00" tps="12.00-13.20">
    </time>
    <time startt="19:00:00" stopt="20:00:00" tps="11.98-13.18">
    </time>
    <time startt="20:00:00" stopt="21:00:00" tps="11.15-13.35">
    </time>
    <time startt="21:00:00" stopt="22:00:00" tps="10.98-12.18">
    </time>
    <time startt="22:00:00" stopt="23:00:00" tps="10.48-11.68">
    </time>
    <time startt="23:00:00" stopt="24:00:00" tps="10.07-11.37">
    </time>
  </allsys>
  <!-- 异常信息配置 -->
  <exception>
    <sysexpt>
      <item code="ESB-E-000001" description="前端调用超时">
      </item>
      <item code="ESB-E-000002" description="服务已停止">
      </item>
      <item code="ESB-E-000003" description="服务未正确注册">
      </item>
      <item code="ESB-E-000004" description="服务故障隔离中，服务不能调用">
      </item>
    </sysexpt>
    <transexpt>
      <item code="TRANS-E-000001" description="余额不足">
      </item>
      <item code="TRANS-E-000002" description="交易密码错误">
      </item>
      <item code="TRANS-E-000003" description="账户被锁定">
      </item>
      <item code="TRANS-E-000004" description="该帐户不属于同一个客户">
      </item>
      <item code="TRANS-E-000005" description="客户无此权限">
      </item>
      <item code="TRANS-E-000006" description="无此客户">
      </item>
    </transexpt>
  </exception>
  <!-- 提供方及旗下服务配置 -->
  <system id="system1" sysip="192.168.10.1,192.168.10.2,192.168.10.3">
    <service name="20180410171746010" runStatus="true" sysSuccRate="99-100" busSuccRate="70-90" esbtime="5-8" trantime="10-20" channel="channel1">
    </service>
    <service name="20180410171747012" runStatus="true" sysSuccRate="98-100" busSuccRate="85-98" esbtime="5-8" trantime="10-20" channel="channel3">
    </service>
    <service name="20180410171748014" runStatus="true" sysSuccRate="98-100" busSuccRate="90-98" esbtime="5-8" trantime="10-20" channel="channel8">
    </service>
    <service name="20180410171749016" runStatus="true" sysSuccRate="99-100" busSuccRate="93-99" esbtime="5-8" trantime="10-20" channel="channel5">
    </service>
  </system>
  <system id="system2" sysip="192.168.11.1">
    <service name="20180410171741993" runStatus="true" sysSuccRate="98-100" busSuccRate="91-98" esbtime="5-8" trantime="10-20" channel="channel3">
    </service>
    <service name="20180410171742995" runStatus="true" sysSuccRate="98-100" busSuccRate="91-98" esbtime="5-8" trantime="10-20" channel="channel5">
    </service>
    <service name="20180410171743998" runStatus="true" sysSuccRate="94-99" busSuccRate="90-94" esbtime="5-8" trantime="10-20" channel="channel6">
    </service>
    <service name="20180410171745000" runStatus="true" sysSuccRate="98-100" busSuccRate="88-98" esbtime="5-8" trantime="10-20" channel="channel2">
    </service>
  </system>
  <system id="system3" sysip="192.168.12.1">
    <service name="20180410171736980" runStatus="true" sysSuccRate="98-100" busSuccRate="86-96" esbtime="5-8" trantime="10-20" channel="channel4,channel5">
    </service>
    <service name="20180410171737982" runStatus="true" sysSuccRate="98-100" busSuccRate="87-97" esbtime="5-8" trantime="10-20" channel="channel7">
    </service>
    <service name="20180410171738985" runStatus="true" sysSuccRate="98-100" busSuccRate="87-98" esbtime="5-8" trantime="10-20" channel="channel1,channel9">
    </service>
    <service name="20180410171739989" runStatus="true" sysSuccRate="98-100" busSuccRate="89-98" esbtime="5-8" trantime="10-20" channel="channel8">
    </service>
    <service name="20180410171740991" runStatus="true" sysSuccRate="98-100" busSuccRate="90-98" esbtime="5-8" trantime="10-20" channel="channel6">
      <!-- <time startt="00:00:00" stopt="09:00:00" tps="0.00-1.10"></time>
			<time startt="09:00:00" stopt="12:00:00" tps="3.20-3.50"></time>
			<time startt="12:00:00" stopt="14:00:00" tps="4.20-5.20"></time>
			<time startt="14:00:00" stopt="17:00:00" tps="2.20-2.60"></time>
			<time startt="17:00:00" stopt="22:00:00" tps="5.20-5.90"></time>
			<time startt="22:00:00" stopt="00:00:00" tps="2.20-3.10"></time> -->
    </service>
  </system>
  <system id="system4" sysip="192.168.13.1">
    <service name="20180410171731960" runStatus="true" sysSuccRate="98-100" busSuccRate="91-98" esbtime="5-8" trantime="10-20" channel="channel5">
      <!-- <time startt="00:00:00" stopt="09:00:00" tps="0.00-1.10"></time> -->
    </service>
    <service name="20180410171732962" runStatus="true" sysSuccRate="96-99" busSuccRate="89-96" esbtime="5-8" trantime="10-20" channel="channel3,channel8">
    </service>
    <service name="20180410171733973" runStatus="true" sysSuccRate="95-100" busSuccRate="89-95" esbtime="5-8" trantime="10-20" channel="channel1">
    </service>
    <service name="20180410171734975" runStatus="true" sysSuccRate="99-100" busSuccRate="87-99" esbtime="5-8" trantime="10-20" channel="channel2">
    </service>
    <service name="20180410171735977" runStatus="true" sysSuccRate="94-99" busSuccRate="88-94" esbtime="5-8" trantime="10-20" channel="channel4">
    </service>
  </system>
  <system id="system5" sysip="192.168.14.1">
    <service name="20180410171725933" runStatus="true" sysSuccRate="98-100" busSuccRate="85-98" esbtime="5-8" trantime="10-20" channel="channel9">
    </service>
    <service name="20180410171726935" runStatus="true" sysSuccRate="99-100" busSuccRate="86-99" esbtime="5-8" trantime="10-20" channel="channel2,channel6">
    </service>
    <service name="20180410171727939" runStatus="true" sysSuccRate="98-100" busSuccRate="87-98" esbtime="5-8" trantime="10-20" channel="channel5">
    </service>
    <service name="20180410171728950" runStatus="true" sysSuccRate="98-100" busSuccRate="88-98" esbtime="5-8" trantime="10-20" channel="channel7">
    </service>
    <service name="20180410171729953" runStatus="true" sysSuccRate="96-99" busSuccRate="89-96" esbtime="5-8" trantime="10-20" channel="channel8">
    </service>
    <service name="20180410171730956" runStatus="true" sysSuccRate="98-100" busSuccRate="90-98" esbtime="5-8" trantime="10-20" channel="channel6">
    </service>
  </system>
<!--   <system id="system6" sysip="192.168.15.1">
    <service name="20180410171720912" runStatus="true" sysSuccRate="97-100" busSuccRate="91-97" esbtime="5-8" trantime="10-20">
      <time startt="12:00:00" stopt="13:00:00" tps="0.00-0.00"></time>
    </service>
    <service name="20180410171721916" runStatus="true" sysSuccRate="98-100" busSuccRate="92-98" esbtime="5-8" trantime="10-20">
    </service>
    <service name="20180410171722918" runStatus="true" sysSuccRate="97-100" busSuccRate="91-97" esbtime="5-8" trantime="10-20">
    </service>
    <service name="20180410171723927" runStatus="true" sysSuccRate="98-100" busSuccRate="92-98" esbtime="5-8" trantime="10-20">
    </service>
    <service name="20180410171724930" runStatus="true" sysSuccRate="97-100" busSuccRate="91-97" esbtime="5-8" trantime="10-20">
    </service>
  </system>
  <system id="system7" sysip="192.168.16.1">
    <service name="20180410171714885" runStatus="true" sysSuccRate="97-100" busSuccRate="91-97" esbtime="5-8" trantime="10-20">
    </service>
    <service name="20180410171715888" runStatus="true" sysSuccRate="98-100" busSuccRate="92-98" esbtime="5-8" trantime="10-20">
    </service>
    <service name="20180410171716892" runStatus="true" sysSuccRate="97-100" busSuccRate="91-97" esbtime="5-8" trantime="10-20">
    </service>
    <service name="20180410171717905" runStatus="true" sysSuccRate="98-100" busSuccRate="92-98" esbtime="5-8" trantime="10-20">
      <time startt="00:00:00" stopt="23:59:59" tps="0.00-0.20">
      </time>
    </service>
    <service name="20180410171718907" runStatus="true" sysSuccRate="97-100" busSuccRate="91-97" esbtime="5-8" trantime="10-20">
    </service>
    <service name="20180410171719910" runStatus="true" sysSuccRate="98-100" busSuccRate="92-98" esbtime="5-8" trantime="10-20">
    </service>
  </system>
  <system id="system8" sysip="192.168.17.1">
    <service name="20180410171708860" runStatus="true" sysSuccRate="97-100" busSuccRate="91-97" esbtime="5-8" trantime="10-20">
    </service>
    <service name="20180410171709864" runStatus="true" sysSuccRate="98-100" busSuccRate="92-98" esbtime="5-8" trantime="10-20">
    </service>
    <service name="20180410171710866" runStatus="true" sysSuccRate="97-100" busSuccRate="91-97" esbtime="5-8" trantime="10-20">
    </service>
    <service name="20180410171711878" runStatus="true" sysSuccRate="98-100" busSuccRate="92-98" esbtime="5-8" trantime="10-20">
    </service>
    <service name="20180410171712880" runStatus="true" sysSuccRate="97-100" busSuccRate="91-97" esbtime="5-8" trantime="10-20">
    </service>
    <service name="20180410171713883" runStatus="true" sysSuccRate="98-100" busSuccRate="92-98" esbtime="5-8" trantime="10-20">
    </service>
  </system>
  <system id="system9" sysip="192.168.18.1">
    <service name="20180410171704844" runStatus="true" sysSuccRate="97-100" busSuccRate="91-97" esbtime="5-8" trantime="10-20">
    </service>
    <service name="20180410171705854" runStatus="true" sysSuccRate="98-100" busSuccRate="92-98" esbtime="5-8" trantime="10-20">
    </service>
    <service name="20180410171706857" runStatus="true" sysSuccRate="97-100" busSuccRate="91-97" esbtime="5-8" trantime="10-20">
    </service>
    <service name="20180410171707858" runStatus="true" sysSuccRate="98-100" busSuccRate="92-98" esbtime="5-8" trantime="10-20">
    </service>
  </system>
  <system id="system10" sysip="192.168.19.1">
    <service name="20180410171659822" runStatus="true" sysSuccRate="97-100" busSuccRate="91-97" esbtime="5-8" trantime="10-20">
    </service>
    <service name="20180410171700824" runStatus="true" sysSuccRate="98-100" busSuccRate="92-98" esbtime="5-8" trantime="10-20">
    </service>
    <service name="20180410171701827" runStatus="true" sysSuccRate="97-100" busSuccRate="91-97" esbtime="5-8" trantime="10-20">
    </service>
    <service name="20180410171702829" runStatus="true" sysSuccRate="98-100" busSuccRate="92-98" esbtime="5-8" trantime="10-20">
    </service>
    <service name="20180410171703842" runStatus="true" sysSuccRate="97-100" busSuccRate="91-97" esbtime="5-8" trantime="10-20">
    </service>
  </system>
  <system id="system11" sysip="192.168.20.1">
    <service name="20180410171656808" runStatus="true" sysSuccRate="97-100" busSuccRate="91-97" esbtime="5-8" trantime="10-20">
    </service>
    <service name="20180410171657810" runStatus="true" sysSuccRate="98-100" busSuccRate="92-98" esbtime="5-8" trantime="10-20">
    </service>
    <service name="20180410171658812" runStatus="true" sysSuccRate="98-100" busSuccRate="92-98" esbtime="5-8" trantime="10-20">
    </service>
  </system>
  <system id="system12" sysip="192.168.21.1">
    <service name="20180410171650780" runStatus="true" sysSuccRate="97-100" busSuccRate="91-97" esbtime="5-8" trantime="10-20">
    </service>
    <service name="20180410171651782" runStatus="true" sysSuccRate="98-100" busSuccRate="92-98" esbtime="5-8" trantime="10-20">
    </service>
    <service name="20180410171652785" runStatus="true" sysSuccRate="97-100" busSuccRate="91-97" esbtime="5-8" trantime="10-20">
    </service>
    <service name="20180410171653799" runStatus="true" sysSuccRate="98-100" busSuccRate="92-98" esbtime="5-8" trantime="10-20">
    </service>
    <service name="20180410171654802" runStatus="true" sysSuccRate="97-100" busSuccRate="91-97" esbtime="5-8" trantime="10-20">
    </service>
    <service name="20180410171655805" runStatus="true" sysSuccRate="98-100" busSuccRate="92-98" esbtime="5-8" trantime="10-20">
    </service>
  </system>
  <system id="system13" sysip="192.168.22.1,192.168.22.2,192.168.22.3">
    <service name="20180410171648774" runStatus="true" sysSuccRate="97-100" busSuccRate="91-97" esbtime="5-8" trantime="10-20">
    </service>
    <service name="20180410171649777" runStatus="true" sysSuccRate="98-100" busSuccRate="92-98" esbtime="5-8" trantime="10-20">
    </service>
  </system>
  <system id="system14" sysip="192.168.23.1">
    <service name="20180410171642752" runStatus="true" sysSuccRate="97-100" busSuccRate="91-97" esbtime="5-8" trantime="10-20">
    </service>
    <service name="20180410171643754" runStatus="true" sysSuccRate="98-100" busSuccRate="92-98" esbtime="5-8" trantime="10-20">
    </service>
    <service name="20180410171644755" runStatus="true" sysSuccRate="97-100" busSuccRate="91-97" esbtime="5-8" trantime="10-20">
    </service>
    <service name="20180410171645758" runStatus="true" sysSuccRate="98-100" busSuccRate="92-98" esbtime="5-8" trantime="10-20">
    </service>
    <service name="20180410171646760" runStatus="true" sysSuccRate="97-100" busSuccRate="91-97" esbtime="5-8" trantime="10-20">
    </service>
    <service name="20180410171647771" runStatus="true" sysSuccRate="98-100" busSuccRate="92-98" esbtime="5-8" trantime="10-20">
    </service>
  </system>
  <system id="system15" sysip="192.168.24.1">
    <service name="20180410171636728" runStatus="true" sysSuccRate="97-100" busSuccRate="91-97" esbtime="5-8" trantime="10-20">
    </service>
    <service name="20180410171637730" runStatus="true" sysSuccRate="98-100" busSuccRate="92-98" esbtime="5-8" trantime="10-20">
    </service>
    <service name="20180410171638732" runStatus="true" sysSuccRate="97-100" busSuccRate="91-97" esbtime="5-8" trantime="10-20">
    </service>
    <service name="20180410171639734" runStatus="true" sysSuccRate="98-100" busSuccRate="92-98" esbtime="5-8" trantime="10-20">
    </service>
    <service name="20180410171640738" runStatus="true" sysSuccRate="97-100" busSuccRate="91-97" esbtime="5-8" trantime="10-20">
    </service>
    <service name="20180410171641748" runStatus="true" sysSuccRate="98-100" busSuccRate="92-98" esbtime="5-8" trantime="10-20">
    </service>
  </system>
  <system id="system16" sysip="192.168.25.1">
    <service name="20180410171629701" runStatus="true" sysSuccRate="97-100" busSuccRate="91-99" esbtime="5-8" trantime="10-20">
    </service>
    <service name="20180410171630703" runStatus="true" sysSuccRate="98-100" busSuccRate="92-98" esbtime="5-8" trantime="10-20">
    </service>
    <service name="20180410171631706" runStatus="true" sysSuccRate="97-100" busSuccRate="91-97" esbtime="5-8" trantime="10-20">
    </service>
    <service name="20180410171632709" runStatus="true" sysSuccRate="98-100" busSuccRate="92-98" esbtime="5-8" trantime="10-20">
    </service>
    <service name="20180410171633710" runStatus="true" sysSuccRate="97-100" busSuccRate="91-97" esbtime="5-8" trantime="10-20">
    </service>
    <service name="20180410171634713" runStatus="true" sysSuccRate="98-100" busSuccRate="92-98" esbtime="5-8" trantime="10-20">
    </service>
    <service name="20180410171635725" runStatus="true" sysSuccRate="98-100" busSuccRate="92-98" esbtime="5-8" trantime="10-20">
    </service>
  </system>
  <system id="system17" sysip="192.168.26.1">
    <service name="20180410171624673" runStatus="true" sysSuccRate="97-100" busSuccRate="91-97" esbtime="5-8" trantime="10-20">
    </service>
    <service name="20180410171625675" runStatus="true" sysSuccRate="98-100" busSuccRate="92-98" esbtime="5-8" trantime="10-20">
    </service>
    <service name="20180410171626679" runStatus="true" sysSuccRate="97-100" busSuccRate="91-97" esbtime="5-8" trantime="10-20">
    </service>
    <service name="20180410171627681" runStatus="true" sysSuccRate="98-100" busSuccRate="92-98" esbtime="5-8" trantime="10-20">
    </service>
    <service name="20180410171628688" runStatus="true" sysSuccRate="97-100" busSuccRate="91-97" esbtime="5-8" trantime="10-20">
    </service>
  </system>
  <system id="system18" sysip="192.168.27.1,192.168.27.2">
    <service name="20180410171620652" runStatus="true" sysSuccRate="97-100" busSuccRate="91-97" esbtime="5-8" trantime="10-20">
    </service>
    <service name="20180410171621656" runStatus="true" sysSuccRate="98-100" busSuccRate="92-98" esbtime="5-8" trantime="10-20">
    </service>
    <service name="20180410171622657" runStatus="true" sysSuccRate="97-100" busSuccRate="91-97" esbtime="5-8" trantime="10-20">
    </service>
    <service name="20180410171623670" runStatus="true" sysSuccRate="98-100" busSuccRate="92-98" esbtime="5-8" trantime="10-20">
    </service>
  </system>
  <system id="system19" sysip="192.168.28.1">
    <service name="20180410171615628" runStatus="true" sysSuccRate="97-100" busSuccRate="91-99" esbtime="5-8" trantime="10-20">
    </service>
    <service name="20180410171616631" runStatus="true" sysSuccRate="98-100" busSuccRate="92-98" esbtime="5-8" trantime="10-20">
    </service>
    <service name="20180410171617644" runStatus="true" sysSuccRate="97-100" busSuccRate="91-97" esbtime="5-8" trantime="10-20">
    </service>
    <service name="20180410171618646" runStatus="true" sysSuccRate="98-100" busSuccRate="92-98" esbtime="5-8" trantime="10-20">
    </service>
    <service name="20180410171619649" runStatus="true" sysSuccRate="97-100" busSuccRate="91-97" esbtime="5-8" trantime="10-20">
    </service>
  </system>
  <system id="system20" sysip="192.168.29.1">
    <service name="20180410171609604" runStatus="true" sysSuccRate="97-100" busSuccRate="91-97" esbtime="5-8" trantime="10-20">
    </service>
    <service name="20180410171610609" runStatus="true" sysSuccRate="98-100" busSuccRate="92-98" esbtime="5-8" trantime="10-20">
    </service>
    <service name="20180410171611611" runStatus="true" sysSuccRate="97-100" busSuccRate="91-97" esbtime="5-8" trantime="10-20">
    </service>
    <service name="20180410171612621" runStatus="true" sysSuccRate="98-100" busSuccRate="92-98" esbtime="5-8" trantime="10-20">
    </service>
    <service name="20180410171613623" runStatus="true" sysSuccRate="97-100" busSuccRate="91-97" esbtime="5-8" trantime="10-20">
    </service>
    <service name="20180410171614626" runStatus="true" sysSuccRate="98-100" busSuccRate="92-98" esbtime="5-8" trantime="10-20">
    </service>
  </system> -->
  <!-- 渠道配置信息 -->
  <channelsystem id="channel1" name="网上银行" runStatus="true" channelIp="127.127.0.11,127.127.0.12,127.127.0.13">
  </channelsystem>
  <channelsystem id="channel2" name="手机银行" runStatus="true" channelIp="127.127.0.17">
  </channelsystem>
  <channelsystem id="channel3" name="智能网点" runStatus="true" channelIp="127.127.0.44">
  </channelsystem>
  <channelsystem id="channel4" name="移动营销" runStatus="true" channelIp="127.127.3.27,127.127.3.28,127.127.3.29">
  </channelsystem>
  <channelsystem id="channel5" name="总行IPP" runStatus="true" channelIp="127.127.0.3">
  </channelsystem>
  <channelsystem id="channel6" name="电话银行" runStatus="true" channelIp="127.127.4.29">
  </channelsystem>
  <channelsystem id="channel7" name="ATM" runStatus="true" channelIp="127.127.4.29">
  </channelsystem>
  <channelsystem id="channel8" name="信用卡" runStatus="true" channelIp="127.127.4.29">
  </channelsystem>
  <channelsystem id="channel9" name="柜面" runStatus="true" channelIp="127.127.4.29">
  </channelsystem>
  <!-- 异常数据时间点 -->
  <exptdata>
    <!-- 
		<date day="2018-04-12">
			<time startt="15:40:43" stopt="21:42:27" sysSuccRate="67-78" busSuccRate="62-67" esbtime="5-8"  trantime="10-20" tps="1.9-2.2">
			20180410171609604,20180410171613623,20180410171614626,20180410171611611
			</time>
			<time startt="05:40:43" stopt="06:40:43" sysSuccRate="97-100" busSuccRate="93-97" esbtime="50-80"  trantime="81-98" tps="2.8-3.0">
			20180410171626679
			</time>
			<time startt="13:10:43" stopt="13:11:23" sysSuccRate="97-100" busSuccRate="46-60" esbtime="5-8"  trantime="10-20" tps="3.0-3.4">
			20180410171634713
			</time>
			<time startt="22:46:03" stopt="22:46:43" sysSuccRate="0-0" busSuccRate="0-0" esbtime="0-0"  trantime="0-0" tps="0-0">
			20180410171648774
			</time> 
		</date>
		<date day="2018-04-13">
			<time startt="13:30:13" stopt="13:40:55" sysSuccRate="34-50" busSuccRate="31-34" esbtime="5-8"  trantime="10-20" tps="3.7-4.2">
			20180410171648774
			</time>
			<time startt="15:40:43" stopt="15:40:43" sysSuccRate="97-100" busSuccRate="96-99" esbtime="3000-4000"  trantime="4000-4200" tps="2.9-3.3">
			20180410171648774
			</time>
		</date>
		-->
  </exptdata>
</catalog>